
INSERT INTO categories (id, name, image, count)
VALUES
	(10,'Antipasta','starter',46),
	(11,'Pjata të para','spaguetti',178),
	(15,'Pjata të dyta','steak',98),
	(16,'Garnitura','potatoes',14),
	(17,'Ëmbëlsira','cake',102),
	(18,'Fruta','fruit_salad',10),
	(21,'Bukë','bread',6),
	(22,'Pica dhe torta të kripura','pizza',6),
	(23,'Supa','soup',37),
	(24,'Këshilla kuzhine','dish',20),
	(27,'Kuzhina vegjetariane','vegetables',34),
	(72,'Receta për fëmijë','gingerbread',29),
	(196,'Receta Verore','dish',31),
	(580,'Menù për festa','basket',31),
	(674,'Receta dietike','no_fast_food',4),
	(675,'Receta të shëndetshme','healthy',12),
	(197,'Menù javore','menu',5),
	(676,'Receta per beba 4-6 muajsh','gingerbread',4);

INSERT INTO hibernate_sequence (next_val)
VALUES
	(5);

INSERT INTO ingredients (id, recipe_id, name, quantity, unit)
VALUES
	(20182,10194,'piper te zi te sapobluar',NULL,NULL),
	(20183,10194,'vaj ulliri ekstra te virgjer',NULL,NULL),
	(20184,10194,'200ml pana kuzhine',NULL,NULL),
	(20185,10194,'200gr djathe te bardhe, te therrmuar',NULL,NULL),
	(20186,10194,'4 patellxhane te gjate, te ndare ne dy pjese',NULL,NULL),
	(20187,10194,'kripe',NULL,NULL),
	(20188,10194,'2 thelpinje hudhra, te grira holle',NULL,NULL),
	(20189,10194,'1 tufe majdanoz te fresket, te grire holle',NULL,NULL),
	(20190,10013,'1 presh (vetem pjesa e bardhe), te prere holle',NULL,NULL),
	(20191,10013,'1 qepe mesatare, te prere holle',NULL,NULL),
	(20192,10013,'spec i kuq i embel pluhur (paprika)',NULL,NULL),
	(20193,10013,'150gr laker jeshile (kale), vetem gjethet',NULL,NULL),
	(20194,10013,'2 patate te medha, ne kubik te vegjel',NULL,NULL),
	(20195,10013,'leng perimesh ose uje',NULL,NULL),
	(20196,10013,'kripe',NULL,NULL),
	(20197,10013,'vaj ulliri',NULL,NULL),
	(20198,10013,'gjalp',NULL,NULL),
	(20199,10198,'1 luge te vogel hudher pluhur',NULL,NULL),
	(20200,10198,'4 kofsha pule',NULL,NULL),
	(20201,10198,'1 luge te vogel majdanoz pluhur',NULL,NULL),
	(20202,10198,'1 luge te vogel rigon pluhur',NULL,NULL),
	(20203,10198,'1 luge te vogel spec te kuq jodjeges (paprika)',NULL,NULL),
	(20204,10198,'perime te stines sipas deshires: patate, patellxhan, speca te kuq, qepe',NULL,NULL),
	(20205,10198,'lengun e 1 limoni',NULL,NULL),
	(20206,10198,'kripe',NULL,NULL),
	(20207,10198,'vaj ulliri ekstra te virgjer',NULL,NULL),
	(20208,10198,'piper te zi te sapobluar',NULL,NULL),
	(20231,10051,'300gr oriz basmati, te cilin e kemi lene gjithe naten ne uje te ftohte',NULL,NULL),
	(20232,10051,'kripe',NULL,NULL),
	(20233,10051,'1 qepe mesatare, te grire holle',NULL,NULL),
	(20234,10051,'pak majdanoz te fresket, te prere holle',NULL,NULL),
	(20235,10051,'3 karrota, te prera ne feta',NULL,NULL),
	(20236,10051,'200gr miser te ngrire (afersisht dy duar)',NULL,NULL),
	(20237,10051,'200gr bizele te ngrira (afersisht dy duar)',NULL,NULL),
	(20238,10051,'6 kerpudha te fresketa, te prera ne feta',NULL,NULL),
	(20239,10051,'vaj ulliri ekstra te virgjer',NULL,NULL),
	(20240,10051,'1 maje luge kumin pluhur',NULL,NULL),
	(20241,10051,'1 maje luge kerri pluhur',NULL,NULL),
	(20242,10217,'2 duar rukola te lare the thare (50gr)',NULL,NULL),
	(20243,10217,'150gr hikerr (1 gote)',NULL,NULL),
	(20244,10217,'1 dore arra, te pjekura (50gr)',NULL,NULL),
	(20245,10217,'1 dore boronica (100gr)',NULL,NULL),
	(20246,10217,'2 nektarina, te ndare ne feta',NULL,NULL),
	(20247,10217,'kripe',NULL,NULL),
	(20248,10217,'1/2 tufe mente',NULL,NULL),
	(20249,10217,'vaj ulliri ekstra te virgjer',NULL,NULL),
	(20250,10217,'lengun e nje limoni ose limoni jeshil (lime)',NULL,NULL),
	(20251,10217,'1 luge gjelle uthull molle',NULL,NULL),
	(20252,10179,'1 patellxhan te madh, te prere ne kubik',NULL,NULL),
	(20253,10179,'1 fileto pule (rreth 200gr), te prere ne kubik',NULL,NULL),
	(20254,10179,'320gr makarona te gjata',NULL,NULL),
	(20255,10179,'20 domate qershize, te ndara pergjysme',NULL,NULL),
	(20256,10179,'pak hudher te thare pluhur',NULL,NULL),
	(20257,10179,'1 dore gjethe borziloku te fresketa, te prera holle',NULL,NULL),
	(20258,10179,'kripe',NULL,NULL),
	(20259,10179,'piper te zi te sapobluar',NULL,NULL),
	(20260,10179,'vaj ulliri ekstra te virgjer',NULL,NULL),
	(20261,10179,'disa feta djathe mocarela (sipas deshires)',NULL,NULL),
	(20262,10225,'150gr hikerr (1 gote)',NULL,NULL),
	(20263,10225,'1 qepe e kuqe e vogel, e prere holle',NULL,NULL),
	(20264,10225,'150gr kerpudha, te prera ne feta',NULL,NULL),
	(20265,10225,'nje dore domate qershize (6-7 kokerra)',NULL,NULL),
	(20266,10225,'100gr spinaq bebe, i pastruar dhe i lare',NULL,NULL),
	(20267,10225,'piper te zi te sapobluar',NULL,NULL),
	(20268,10225,'kripe',NULL,NULL),
	(20269,10225,'pak hudher hungareze te thate',NULL,NULL),
	(20270,10225,'vaj ulliri ekstra te virgjer',NULL,NULL),
	(20271,10225,'1 luge gjelle uthull molle',NULL,NULL),
	(20272,10275,'300ml qumesht me yndyre te plote',NULL,NULL),
	(20273,10275,'300ml pana per embelsira',NULL,NULL),
	(20274,10275,'3 te verdha vezesh',NULL,NULL),
	(20275,10275,'100gr sheqer kane (sheqer kaf)',NULL,NULL),
	(20276,10275,'100gr lajthi te pjekura   te tjera per zbukurim',NULL,NULL),
	(20277,10251,'500gr patellxhan, te prere ne feta gjatesore',NULL,NULL),
	(20278,10251,'500gr bamje, te pastruara',NULL,NULL),
	(20279,10251,'1 qepe te madhe, te grire trashe',NULL,NULL),
	(20280,10251,'4 domate mesatare, te grira ne mikser',NULL,NULL),
	(20281,10251,'mish viçi i ziere paraprakisht (mund edhe ta pergatisni taven pa mish)',NULL,NULL),
	(20282,10251,'100gr djathe te bardhe, te therrmuar',NULL,NULL),
	(20283,10251,'disa feta domate',NULL,NULL),
	(20284,10251,'kripe',NULL,NULL),
	(20285,10251,'piper te zi te sapobluar',NULL,NULL),
	(20286,10251,'rigon te thate',NULL,NULL),
	(20287,10251,'majdanoz te fresket, te grire holle',NULL,NULL),
	(20288,10251,'vaj ulliri ekstra te virgjer',NULL,NULL),
	(20289,10251,'4 luge gjelle uthull',NULL,NULL),
	(20290,10260,'...per makaronat',NULL,NULL),
	(20291,10260,'200gr miell 00',NULL,NULL),
	(20292,10260,'100gr miell me krunde (miell i trashe)',NULL,NULL),
	(20293,10260,'...per mbushjen',NULL,NULL),
	(20294,10260,'3 veze, ne temperature ambjenti',NULL,NULL),
	(20295,10260,'300gr gjize pa kripe',NULL,NULL),
	(20296,10260,'400gr spinaq te fresket, te grire shume holle',NULL,NULL),
	(20297,10260,'6 luge djathe kaçkavall te grire (receta origjinale kerkon perdorimin e djathit parmixhano)',NULL,NULL),
	(20298,10260,'1 veze',NULL,NULL),
	(20299,10260,'kripe',NULL,NULL),
	(20300,10260,'piper te zi te sapobluar',NULL,NULL),
	(20301,10260,'...per ti dhene shije',NULL,NULL),
	(20302,10260,'5-6 gjethe sherebele te fresket',NULL,NULL),
	(20303,10260,'2 luge gjelle gjalp',NULL,NULL),
	(20304,10260,'djathe parmixhano, te grire',NULL,NULL),
	(20305,10281,'150gr kinoa',NULL,NULL),
	(20306,10281,'2 kunguj mesatar, te prere ne kubik',NULL,NULL),
	(20307,10281,'2 karrota mesatare, te prera ne kubik',NULL,NULL),
	(20308,10281,'300ml uje',NULL,NULL),
	(20309,10281,'10-15 lule kungulli, te pastruara nga pistili dhe te prera ne menyre gjatesore',NULL,NULL),
	(20310,10281,'1 dege trumez te fresket',NULL,NULL),
	(20311,10281,'lekuren e grire te 1 limoni',NULL,NULL),
	(20312,10281,'vaj ulliri ekstra te virgjer',NULL,NULL),
	(20313,10281,'kripe',NULL,NULL),
	(20314,10281,'piper te zi te sapobluar',NULL,NULL),
	(20315,10292,'4 djathe tomino',NULL,NULL),
	(20316,10292,'100gr proshute spek (rreth 16 feta)',NULL,NULL),
	(20317,10292,'gjethe sherebele te fresket, per zbukurim',NULL,NULL),
	(20318,10287,'350gr makarona te gjata (une kam perdorur makarona me veze te tipit Papardelle)',NULL,NULL),
	(20319,10287,'5 domate mesatare te pjekura mire, te kaluara ne mikser',NULL,NULL),
	(20320,10287,'1 thelpi hudher, te grire holle',NULL,NULL),
	(20321,10287,'10 gjethe borzilok te fresket',NULL,NULL),
	(20322,10287,'vaj ulliri ekstra te virgjer',NULL,NULL),
	(20323,10287,'kripe',NULL,NULL),
	(20324,10287,'nje maje luge sheqer',NULL,NULL),
	(20325,10287,'djathe kaçkavall te grire',NULL,NULL),
	(20366,10329,'100gr sallam Luziana, i prere ne kubik te vegjel',NULL,NULL),
	(20367,10329,'3 patate mesatare, te prera ne feta te holla',NULL,NULL),
	(20368,10329,'3 veze',NULL,NULL),
	(20369,10329,'2 luge gjelle galete',NULL,NULL),
	(20370,10329,'100gr pana kuzhine',NULL,NULL),
	(20371,10329,'vaj ulliri ekstra te virgjer',NULL,NULL),
	(20372,10329,'kripe',NULL,NULL),
	(20373,10329,'piper te zi te sapobluar',NULL,NULL),
	(20374,10329,'rozmarine',NULL,NULL),
	(20375,10329,'100gr djathe kaçkavall, te grire',NULL,NULL),
	(20376,10336,'...per nje tave katrore 27cmX27cm',NULL,NULL),
	(20377,10336,'1 pako te vogel pluhur pjekes (me vanilje ose jo)',NULL,NULL),
	(20378,10336,'4 veze, ne temperature ambjenti, te ndara te verdhat nga te bardhat',NULL,NULL),
	(20379,10336,'200gr sheqer te bardhe',NULL,NULL),
	(20380,10336,'2 luge gjelle sheqer kaf',NULL,NULL),
	(20381,10336,'300gr miell 00',NULL,NULL),
	(20382,10336,'6 luge gjelle vaj ulliri',NULL,NULL),
	(20383,10336,'200ml kos me yndyre',NULL,NULL),
	(20384,10336,'2 dardha, te qeruara dhe te prera ne kubik',NULL,NULL),
	(20385,10336,'1 limon, lekuren e grire dhe lengun',NULL,NULL),
	(20386,10336,'2 luge gjelle buke te grire (galete)',NULL,NULL),
	(20387,10336,'nje maje luge kripe',NULL,NULL),
	(20388,10336,'...per zbukurim',NULL,NULL),
	(20389,10336,'disa feta dardha',NULL,NULL),
	(20390,10336,'gjethe mente te fresketa',NULL,NULL),
	(20391,10336,'pak sheqer te bardhe',NULL,NULL),
	(20392,10369,'per nje forme drejtkendore 28cm',NULL,NULL),
	(20393,10369,'150gr miell 00',NULL,NULL),
	(20394,10369,'50gr kakao te hidhur',NULL,NULL),
	(20395,10369,'1 luge çaji pluhur pjekes me vanilje',NULL,NULL),
	(20396,10369,'1 luge çaji kanelle pluhur',NULL,NULL),
	(20397,10369,'1/2 luge çaji kripe',NULL,NULL),
	(20398,10369,'2 veze',NULL,NULL),
	(20399,10369,'1 avokado te bute, te shtypur me pirun',NULL,NULL),
	(20400,10369,'3 kunguj te njome, te grire ne rende',NULL,NULL),
	(20401,10369,'230gr sheqer te bardhe',NULL,NULL),
	(20402,10369,'150gr çokollate te zeze me 65% kakao, te grire imet (ose copeza çokollate)',NULL,NULL),
	(20403,10375,'8 feta te holla fileto viçi',NULL,NULL),
	(20404,10375,'200ml pana kuzhine',NULL,NULL),
	(20405,10375,'500gr kerpudha champignon, te pastruara dhe te prera ne feta',NULL,NULL),
	(20406,10375,'2 luge gjalpe',NULL,NULL),
	(20407,10375,'miell',NULL,NULL),
	(20408,10375,'kripe',NULL,NULL),
	(20409,10375,'2 luge vaj ulliri ekstra te virgjer',NULL,NULL),
	(20410,10375,'disa gjethe mente te fresketa',NULL,NULL),
	(20411,10375,'piper te zi te sapobluar',NULL,NULL),
	(20412,10379,'150gr djathe guda, ose çdo lloj djathi qe shkrin, te prere ne kubik',NULL,NULL),
	(20413,10379,'300gr kerpudha te tipit champignon, te pastruara dhe te prera ne feta te holla',NULL,NULL),
	(20414,10379,'1 pete sfoljate e gatshme',NULL,NULL),
	(20415,10379,'1 te verdhe veze',NULL,NULL),
	(20416,10379,'piper te zi te sapobluar',NULL,NULL),
	(20417,10379,'fara susami',NULL,NULL),
	(20418,10379,'6 feta proshute te tymosur, te prere holle',NULL,NULL),
	(20419,10379,'kripe',NULL,NULL),
	(20420,10379,'vaj ulliri',NULL,NULL),
	(20441,10384,'...per qoftet',NULL,NULL),
	(20442,10384,'500gr mish viçi te grire',NULL,NULL),
	(20443,10384,'1 qepe mesatare, te kaluar ne mikser',NULL,NULL),
	(20444,10384,'1 spec jeshil, te kaluar ne mikser',NULL,NULL),
	(20445,10384,'1 veze',NULL,NULL),
	(20446,10384,'1 tufe majdanoz, te grire holle',NULL,NULL),
	(20447,10384,'piper te zi te sapobluar',NULL,NULL),
	(20448,10384,'2 feta buke te regjura ne qumesht dhe te shtrydhura forte me dore',NULL,NULL),
	(20449,10384,'kripe',NULL,NULL),
	(20450,10384,'2-3 luge miell',NULL,NULL),
	(20451,10384,'vaj luledielli per skuqje',NULL,NULL),
	(20452,10384,'...per qullin me arra',NULL,NULL),
	(20453,10384,'2 luge miell',NULL,NULL),
	(20454,10384,'1 luge gjalpe',NULL,NULL),
	(20455,10384,'1 luge vaj ulliri',NULL,NULL),
	(20456,10384,'2 luge buke te thare te grire (galete)',NULL,NULL),
	(20457,10384,'1 dore arra te grira',NULL,NULL),
	(20458,10384,'2 gota leng mishi ose uje',NULL,NULL),
	(20459,10384,'1 luge uthull molle, 3-4 thelpinje hudhra, te grira holle, kripe, piper te zi te sapobluar',NULL,NULL),
	(20460,10391,'per nje torte me diameter 20cm',NULL,NULL),
	(20461,10391,'...per kekun',NULL,NULL),
	(20462,10391,'200gr sheqer',NULL,NULL),
	(20463,10391,'200gr miell 00',NULL,NULL),
	(20464,10391,'3 veze, ne temperature ambjenti',NULL,NULL),
	(20465,10391,'1 luge çaji pluhur pjekes',NULL,NULL),
	(20466,10391,'100gr arra te qeruara dhe te copetuara trashe',NULL,NULL),
	(20467,10391,'200gr gjalpe, ne temperature ambjenti',NULL,NULL),
	(20468,10391,'2 luge çaji kafe te tretshme ne uje (psh Nescafè)',NULL,NULL),
	(20469,10391,'...per kremin me kafe',NULL,NULL),
	(20470,10391,'600ml krem pana per embelsira te sheqerosur, te cilin e kemi mbajtur ne frigorifer per min 1 ore',NULL,NULL),
	(20471,10391,'2 luge çaji kafe te tretshme ne uje',NULL,NULL),
	(20472,10399,'per nje tave me diameter 28cm',NULL,NULL),
	(20473,10399,'...per brumin',NULL,NULL),
	(20474,10399,'300gr miell 00',NULL,NULL),
	(20475,10399,'250gr gjalpe ne temperature ambjenti',NULL,NULL),
	(20476,10399,'...per mbushjen',NULL,NULL),
	(20477,10399,'500gr spinaq te lare e te pastruar, te prere holle',NULL,NULL),
	(20478,10399,'kripe',NULL,NULL),
	(20479,10399,'250gr rikota (gjize pa kripe)',NULL,NULL),
	(20480,10399,'250gr domate qershize, te ndara ne dy pjese',NULL,NULL),
	(20481,10399,'50gr djathe guda, te grire holle ne rende',NULL,NULL),
	(20482,10399,'100gr djathe kaçkavall dele, te prere ne kubik',NULL,NULL),
	(20483,10399,'50gr ullinj pa berthame',NULL,NULL),
	(20484,10399,'1 qepe, te prere holle',NULL,NULL),
	(20485,10399,'3 thelpinje hudhra, te prera holle',NULL,NULL),
	(20486,10399,'100ml vaj ulliri ekstra te virgjer',NULL,NULL),
	(20487,10399,'piper te zi te sapobluar',NULL,NULL),
	(20488,10399,'kripe',NULL,NULL),
	(20489,10399,'arre moskate',NULL,NULL),
	(20490,10399,'3 veze',NULL,NULL),
	(20491,10404,'750ml vere te bardhe',NULL,NULL),
	(20492,10404,'1 karrote, te ndare pergjysme',NULL,NULL),
	(20493,10404,'1 qepe, te ndare ne kater pjese',NULL,NULL),
	(20494,10404,'1 dege selino, te ndare pergjysme',NULL,NULL),
	(20495,10404,'2 koka hudhrash, te ndara pergjysme',NULL,NULL),
	(20496,10404,'6 dege rozmarine',NULL,NULL),
	(20497,10404,'3-4 gjethe dafine',NULL,NULL),
	(20498,10404,'piper te zi te sapobluar',NULL,NULL),
	(20499,10404,'piper te zi kokerr',NULL,NULL),
	(20500,10404,'vaj ulliri ekstra te virgjer',NULL,NULL),
	(20501,10404,'piper te kuq kokerr',NULL,NULL),
	(20502,10404,'kripe',NULL,NULL),
	(20503,10404,'1/2kg patate, te prera ne feta',NULL,NULL),
	(20504,10404,'1kg mish keci, te ndare ne copa',NULL,NULL),
	(20505,10413,'1/2 kg mish tul, te prere ne thela',NULL,NULL),
	(20506,10413,'1kg bamje, te pastruara',NULL,NULL),
	(20507,10413,'1 qepe te madhe, te prere trashe',NULL,NULL),
	(20508,10413,'2 karrota, te prera ne kubik te vegjel',NULL,NULL),
	(20509,10413,'3 domate, ne copa te vogla ose te grira ne mikser   1 domate ne feta',NULL,NULL),
	(20510,10413,'kripe',NULL,NULL),
	(20511,10413,'1 tufe majdanoz, te grire holle',NULL,NULL),
	(20512,10413,'vaj ulliri ekstra te virgjer',NULL,NULL),
	(20513,10413,'2 luge uthull',NULL,NULL);

INSERT INTO recipes (id, category_id, name, intro, instruction, image, link, time, servings, calories, favorite, rating, posted, video, userid)
VALUES
	(10013,27,'Supe me patate dhe laker jeshile (kale)','“Kjo supa jeshile qenka shume e mire!” Ishin keto tekstualisht fjalet e djalit tim 4-vjeçar sapo hengri lugen e pare. Dhe me besoni, nese e ka thene nje femije, duhet te jete vertete e mire!\nPrej kohesh kam kerkuar nje recete ku mund te perfshija lakren jeshile (kale) neper supera, ne menyre qe ta konsumonte e gjithe familja dhe kjo eshte ajo qe i pelqen te gjitheve. Lakra jeshile ben pjese ne listen e super ushqimeve, nga e cila i marrim perfitimet maksimale kur e konsumojme te gjalle. Por edhe e gatuar pak eshte gjithesesi e pasur me fibra, vitamine B dhe C.','Kaverdisim ne zjarr te ulet ne vaj ulliri dhe pak gjalp qepen dhe preshin derisa te zbuten. Shtojme patatet dhe vazhdojme kaverdisjen edhe per pak minuta derisa perimet te marrin shije. Shtojme kripe, leng perimesh (ose uje) dhe e ziejme te gjithe masen per rreth 20 minuta derisa patatet te zbuten plotesisht. E reduktojme supen ne purè me ndihmen e nje mikseri me zhytje dhe ne kete moment shtojme edhe gjethet e lakres jeshile te copetuara. Vazhdojme zierjen edhe per 10 minuta te tjera.\nE sherbejme supen te ngrohte sperkatur me pak gjalp te shkrire dhe spec te kuq pluhur.','https://unegatuaj960568913.files.wordpress.com/2018/06/supe-me-patate-dhe-laker-jeshile.jpg','http://unegatuaj.com/?p=10013','35 minuta','4 persona','e thjeshtë',6,168,20180619,'',NULL),
	(10051,27,'Oriz basmati me perime','Per kete recete, jam frymezuar nga kuzhina orientale e cila e perdor shume orizin basmati. Ky lloj orizi ka nje kokerr te gjate dhe me arome shume te kendshme te cilen e ndjen sapo e gatuan. Kete here e kam pregatitur me perime te stines (qe dmth ato qe me ndodheshin ne frigorifer), por ndjehuni te lire te çlironi imagjinaten tuaj duke shtuar apo hequr perberesit qe deshironi. Per nje vakt te kompletuar, provoni te shtoni edhe disa copeza fileto pule apo viçi.','Kaverdisim ne vaj ulliri ekstra te virgjer te gjitha perimet: qepen, karrotat, bizelet, misrin dhe kerpudhat per rreth 5 minuta derisa te marrin shije (1). Shtojme orizin basmati te kulluar nga uji dhe vazhdojme perzierjen edhe per disa çaste (2). Shtojme erezat pluhur, kerrin dhe kuminin, pak kripe dhe i perziejme mire (3).\n\nE mbulojme masen me uje (4) dhe e leme te zieje me kapak hapur per rreth 10 minuta (5). Fikim zjarrin, i vendosim kapakun (6) dhe e leme te pushoje edhe per 10 apo 15 minuta te tjera: ne kete menyre orizi do zbutet akoma me shume nga avulli i tij dhe do shkriftohet. E sherbejme te sperkatur me pak majdanoz te fresket te grire ne siperfaqe.','https://unegatuaj960568913.files.wordpress.com/2018/06/oriz-basmati-me-perime-1.jpg','http://unegatuaj.com/?p=10051','30 minuta','4 persona','e thjeshtë',3,183,20180621,'',NULL),
	(10179,11,'Makarona me fileto pule, patellxhan dhe domate qershize','Makaronat me fileto pule, patellxhan dhe domate qershize, jane nje pjate e pare e shkelqyer, me nje shije fantastike dhe mbi te gjitha shume te thjeshta per tu pergatitur. Mund ti gatuani ne vetem 20 minuta… jeni gati?','Ziejme makaronat ne uje me kripe per egzaktesisht kohen e treguar ne konfeksion nderkohe qe pergatisim salcen.\n\nNe nje tigan te vogel, kaverdisim kubiket e patellxhaneve ne vaj ulliri ekstra te virgjer derisa te marrin ngjyre nga te gjitha anet. I rregullojme me kripe dhe pak hudher te thare pluhur dhe i leme menjane.\n\nNe nje tjeter tigan, kaverdisim fileton e pules ne vaj ulliri derisa te kete marre ngjyre te arte. Shtojme domatet qershize, borzilokun, kripe, piper te zi te sapobluar, pak hudher te thate dhe ne fund patellxhanet e skuqur. Hedhim ne te makaronat e ziera dhe te kulluara dhe i perziejme per disa minuta derisa te marrin shije.\n\nI sherbejme ne pjate te zbukuruar me ndonje gjethe borziloku dhe feta djathe mocarela.','https://unegatuaj960568913.files.wordpress.com/2018/06/makarona-me-fileto-pule-patellxhan-dhe-domate-qershize.jpg','http://unegatuaj.com/?p=10179','20 minuta','4 persona','e thjeshtë',13,234,20180623,'',NULL),
	(10194,10,'Patellxhan te mbushur me djathe te bardhe','Patellxhanet e mbushur me djathe te bardhe, jane nje pjate tipike verore, e fresket dhe shume e lehte. Mund te konsumohen te sapodala nga furra ashtu dhe te ftohta. Provoni ti shoqeroni me pak Salce xaxiqe per nje shije akoma me te plote.','I heqim tulin patellxhaneve, e presim ne kubik te vegjel dhe e kaverdisim ne vaj ulliri ektra te virgjer bashke me hudhren e grire holle derisa te zbuten. E perziejme me djathin e therrmuar, panen e kuzhines, majdanozin, e rregullojme me kripe e piper dhe mbushim me to patellxhanet.\n\nI pjekim ne furre te parangrohur ne 180°C per rreth 30-40 minuta derisa te kene marre nje ngjyre te bukur ne siperfaqe.','https://unegatuaj960568913.files.wordpress.com/2018/06/patellxhan-te-mbushur-me-djathe-te-bardhe.jpg','http://unegatuaj.com/?p=10194','40 minuta','4 persona','e thjeshtë',10,205,20180625,'',NULL),
	(10198,15,'Kofsha pule me perime ne furre','Pula me patate ka qene prej kohesh nje tradite e vendit tone e gatuar kryesisht diten e diele. Per te ndryshuar pak shijen, ne kete recete kam perdorur kofshat e pules te cilat i kam marinuara me ereza te ndryshme dhe i kam shoqeruar me perime te stines. Ndiqni receten hap pas hapi dhe ne fund do te keni kofsha pule te buta ne brendesi dhe krokante ne siperfaqe.','Lajme kofshat e pules dhe i thajme shume mire me leter kuzhine. I vendosim te marinohen ne nje tigan/tave (te cilin mund ta fusim edhe ne furre) me vaj ulliri ekstra te virgjer, leng limoni, kripe, piper dhe te gjitha erezat e tjera te thata. I leme per minimumi 30 minuta, akoma me mire gjithe naten ne frigorifer mbuluar me nje leter celofoni.\n\nNe te njejtin tigan/tave kaverdisim lehtesisht kofshat e pules ne marinaturen e vet nga te dyja anet derisa te marrin ngjyre te arte ne siperfaqe.\n\nPerimet e stines i presim ne formen qe deshirojme dhe ja shtojme taves me kofsha pule. I rregullojme me pak kripe, piper dhe vaj ulliri, shtojme 1 filxhan kafe uje dhe e pjekim taven ne furre te parangrohur ne 180°C per 30-40 minuta.','https://unegatuaj960568913.files.wordpress.com/2018/06/kofsha-pule-me-perime-ne-furre.jpg','http://unegatuaj.com/?p=10198','45 min','2 persona','e thjeshtë',19,246,20180626,'',NULL),
	(10217,27,'Sallate verore me grure hikerror','Hikerra ose gruri hikerror, eshte nje ushqim qe njihet qe ne lashtesi, por kohet e fundit po i kushtohet me shume rendesi sidomos nga ata qe ndjekin nje diete vegjetariane ose vegane. Farat e tij ngjyre kafe e erret, klasifikohen midis dritherave dhe bishtajoreve, por anojne me shume nga dritherat per shkak te vlerave ushqyese qe kane.\nGruri hikerror nuk permban gluten, karakteristike qe e ben perfekt per konsum nga personat celiak (ata qe nuk e tresin glutenin).\n100gr hikerr permban rreth 300 kalori nga te cilat 75% karbohidrate, 15% proteina dhe 10% yndyrna. Eshte e pasur me kalium, fosfor, hekur, kalcium dhe magnez si dhe me vitamina  B1, B2, B3, B5, B6 dhe E.\nSot do tju tregoj si te pergatisni nje sallate verore me hikerr, e cila eshte nje shperthim shijesh ne goje! Perveç se e bukur ne pamje, ka edhe plot vlera ushqyese dhe pak kalori.','Si te pergatisim sallaten verore me grurin hikerror\n\nSi fillim, shplajme shume mire grurin hikerror nen uje te ftohte te rrjedhshem derisa uji te rezultoje plotesisht i paster. Pas kesaj, e vendosim ne nje ene me uje te ftohte dhe e leme te zbutet gjithe naten. Per te lehtesuar kete proçes, shtojme edhe nje luge gjelle uthull molle.\n\nNe kete moment, hikerra eshte zbutur dhe eshte gati per tu gatuar. E shplajme shume mire dhe e ziejme ne nje tenxhere me uje te vluar per 3-5 minuta. E kullojme dhe e kalojme menjehere nen uje te ftohte. E leme te kulloje nderkohe qe pergatisim sallaten.\n\nNe nje pjate ose pjatance, vendosim ne fillim rukolen e lare dhe te thare, gjethet e mentes dhe siper tyre hikerren te cilen e shtrydhim pak me dore. Shtojme boronicat e fresketa, fetat e nektarinave, arrat e pjekura dhe e sperkasim me pak kripe, vaj ulliri ekstra te virgjer dhe lengun e limonit.','https://unegatuaj960568913.files.wordpress.com/2018/07/sallate-verore-me-grure-hikerror.jpg','http://unegatuaj.com/?p=10217','10 minuta','2 persona','e thjeshtë',3,159,20180709,'',NULL),
	(10225,27,'Hikerr e tiganisur me kerpudha dhe spinaq bebe','Hikerra ose gruri hikerror, ka nje shije neutrale e cila kombinohet ne menyre perfekte me perimet, mishin, peshkun apo kerpudhat. Receta qe po ju paraqes me poshte, eshte ideale per ata qe duan te hane lehte, shendetshem dhe me shije. Sot do ta kombinojme me kerpudha, spinaq bebe dhe domate qershize. Ja sesi:','Si fillim, shplajme shume mire grurin hikerror nen uje te ftohte te rrjedhshem derisa uji te rezultoje plotesisht i paster. Pas kesaj, e vendosim ne nje ene me uje te ftohte dhe e leme te zbutet gjithe naten. Per te lehtesuar kete proçes, shtojme edhe nje luge gjelle uthull molle.\n\nNe kete moment, hikerra eshte zbutur dhe eshte gati per tu gatuar. E shplajme shume mire dhe e ziejme ne nje tenxhere me uje te vluar per 3-5 minuta. E kullojme dhe e kalojme menjehere nen uje te ftohte.\n\nNe nje tigan, kaverdisim ne zjarr te ulet ne vaj ulliri qepen e kuqe derisa te zbutet (1). Shtojme kerpudhat e prera ne feta (2), kripe, piper te zi te sapobluar, hudher hungareze dhe vazhdojme gatimin per disa minuta derisa kerpudhat te zbuten (shtojme pak uje nese eshte e nevojshme) (3).\n\nShtojme spinaqin bebe (4), domatet qershize te plota (5) dhe i leme derisa spinaqi te ule volumin. Shtojme ne fund edhe hikerren e shtrydhur mire me dore, e perziejme mire derisa te marre shije dhe e sherbejme neper pjata zbukuruar me ndonje gjethe spinaq bebe (6).','https://unegatuaj960568913.files.wordpress.com/2018/07/hikerr-me-spinaq.jpg','http://unegatuaj.com/?p=10225','10 minuta','2 persona','e thjeshtë',2,165,20180709,'',NULL),
	(10251,15,'Tave me patellxhane dhe bamje','Bamjet dhe patellxhanet, jane nje nga kombinimet me te shijshme dhe me te dashura te stines se veres. Plot me vlera ushqyese, sot po ja u sjellim te gatuara ne tave. Idealja do te ishte te gatuheshin ne tave balte, e cila i jep nje shije te jashtezakonshme.','Bamjet e pastruara i vendosim ne nje ene me uje te ftohte ku shtojme 2 luge gjelle uthull dhe i leme per 10-15 minuta. Te njejten gje bejme edhe me patellxhanet e prere ne feta per se gjati.\n\nPasi ka kaluar kjo kohe, i shplajme bamjet nen uje te ftohte te rrjedhshem, i thajme mire dhe i kaverdisim lehtesisht me dy luge gjelle vaj ulliri ne zjarr mesatar duke i perziere shpesh. I heqim dhe i leme menjane.\n\nShplajme patellxhanet nen uje te ftohte te rrjedhshem, i thajme mire dhe i pjekim ne zgare te lyer me pak vaj ulliri derisa te marrin ngjyre nga te dyja anet. Si alternative mund edhe ti pjekim ne furre ose ti skuqim. I heqim dhe i leme menjane.\n\nKaverdisim qepen ne vaj ulliri derisa te zbutet duke shtuar pak uje nese eshte e nevojshme. Shtojme domatet e reduktuara ne purè, e rregullojme salcen me kripe, piper te zi te sapobluar, majdanoz te fresket dhe e leme derisa te trashet pak. Ne fund, shtojme edhe mishin e ziere.\n\nShtrojme ne tave gjysmen e harxhes, hedhim bamje, shtojme gjysmen e mbetur te salces dhe siper vendosim fetat e patellxhaneve te pjekur. I sperkasim me kripe, pak rigon, copeza djathi te bardhe dhe pak vaj ulliri. Sipas deshires mund te vendosim edhe disa feta te holla domate per ti dhene me shume shije. E pjekim ne furre te parangrohur ne 200°C per rreth 30 minuta.','https://unegatuaj960568913.files.wordpress.com/2018/07/tave-me-bajme-dhe-patellxhan.jpg','http://unegatuaj.com/?p=10251','60 minuta','4 persona','mesatare',14,264,20180713,'',NULL),
	(10260,11,'Ravioli te mbushur me gjize dhe spinaq','Makaronat e fresketa te pergatitura ne shtepi, jane nje nga ato gatime qe veshtire mos ti pelqejne te gjitheve. Dhe nese jane te mbushura, akoma me mire! Heren e kaluar i pergatita me kungull dimerak (receten e se cilave e gjeni ketu). Kesaj here vendosa te provoje nje kombinim me klasik dhe me shije me delikate, siç eshte ai i gjizes pa kripe (rikota) dhe spinaqit. Me pas i kalove ne tigan me gjalp te aromatizuar me sherebele te fresket, i sperkata me pak djathe parmixhano te grire, dhe nuk di tju them sesa komplimente mora!','Per te pergatitur raviolit me gjize dhe spinaq, fillimisht pergatisim brumin me veze: ne tavolinen e punes ose ne nje tas te madh hedhim 2 llojet e miellit te situr, i hapim nje grope ne mes dhe shtojme vezet lehtesisht te rrahura me pirun. E punojme brumin fillimisht me gishta duke bashkuar avash avash vezet me miellin qe gjendet rreth e qark derisa te formohet nje top brumi te cilin e punojme ne tavolinen e lyer me miell per te pakten 10 minuta derisa te rezultoje elastik. Ne rast se brumi rezulton pak i forte, shtojme 2 apo 3 luge uje te ngrohte, apo ne rast se rezulton pak i bute, shtojme edhe pak miell. E mbeshtjellim brumin me leter transparente dhe e leme te pushoje per 1 ore ne frigorifer.\n\nNderkohe pergatisim mbushjen: kaverdisim ne pak vaj ulliri spinaqin e pastruar dhe te grire holle, i vendosim kapakun dhe e leme derisa te avulloje i gjithe uji. E transferojme ne nje tas ne te cilin shtojme edhe rikoten, djathin kaçkavall te grire, vezen, pak kripe e piper te zi duke i perziere mire. E hedhim mbushjen ne nje qese pastiçerie dhe e leme menjane.\n\nKur brumi te jete gati, e ndajme ne dy pjese te barabarta dhe pjesen qe nuk e perdorim e mbeshtjellim serisht me leter transparente. Kjo per shkak se ne kontakt me ajrin, brumi thahet dhe formon nje kore te holle e cila e prish lemueshmerine qe duhet te kene makaronat.\nE vendosim gjysmen e brumit ne tavolinen e punes te lyer me miell krundesh dhe e hapim ne fillim me pellemben e dores, me pas me okllai te lyer me pak miell ne menyre qe te mos ngjise.\n\nMe ndihmen e nje thike me maje te mprehte, e presim brumin ne drejtekendesha pak a shume me permasa 6cmx3cm. Vendosim nje luge te vogel mbushje me gjize dhe spinaq ne mes, i lyejme anet me uje dhe e palosim raviolin duke i shtypur mire anet ne menyre qe te eleminojme ajrin ne brendesi dhe mbushja te mos dal gjate gatimit. I japim forme raviolit duke perdorur nje rrote te dhembezuar per makarona (ose nje thike te mprehte). Me nje pjese brume duhet te dalin 8-10 ravioli. Procedojme ne te njejten menyre edhe me pjesen tjeter te brumit\n\nNderkohe, ne nje tigan shkrijme gjalpin ne zjarr te ulet dhe skuqim per 3-4 minuta gjethet e sherebeles.\n\nPasi te kemi pergatitur te gjithe raviolit, i ziejme ne uje te bollshem me kripe per 4 minuta, i kullojme mire dhe i vendosim neper pjata. Siper i sperkasim me gjalpin e aromatizuar me sherebele dhe pak djathe kackavall te grire. I sherbejme menjehere zbukuruar me ndonje gjethe sherebele.\n\nRuajtja: ne akull per 1 muaj.','https://unegatuaj960568913.files.wordpress.com/2018/07/ravioli-me-rikota-dhe-spinaq1.jpg','http://unegatuaj.com/?p=10260','60 minuta','6 persona','e vështirë',10,275,20180716,'',NULL),
	(10275,17,'Akullore me lajthi','Asnjehere nuk arrin ta provosh shijen e vertete te akullores artizanale, derisa e pergatit vete ne shtepi. Makina e akullores, ka qene nje nga dhuratat me te bukura qe me kane bere, te cilen e kam shfrytezuar ne maksimum 4 muaj te vitit, ose edhe me shume. Dhe akullorja me lajthi eshte nje nga te preferuarat tona. Nje shije klasike, e cila shkon mrekullisht me nje krem çokollate dhe kafe.','Grijme lajthite e pjekura ne mikser elektrik derisa te behen si miell dhe i leme menjane.\n\nNe nje tenxhere ngrohim qumeshtin, panen dhe sheqerin duke i perziejme mire derisa ky i fundit te shkrije plotesisht. Masa duhet vetem te nxehet, jo te vloje!\n\nRrahim me ndihmen e nje mikseri dore te verdhat e vezeve derisa te behen si krem. Shtojme pak nga masa me qumesht dhe pana gjithmone duke i perziere me mikser; ne kete menyre do evitojme qe veza te pritet. Kremin me veze e hedhim ne tenxhere ku kemi pjesen tjeter te qumeshtit me pana, e vendosim ne zjarr mesatar dhe e gatuajme per rreth 10 minuta duke e perziere gjate gjithe kohes. Kjo sherben qe kremi te trashet dhe te eleminohet aroma e vezes. Ne fund, shtojme edhe miellin e lajthive, e perziejme mire dhe e leme menjane te ftohet ne temperature ambjenti mbuluar me qese kuzhine.\n\nE hedhim kremin ne makinen e akullores te cilen e kemi lene 12 ore ne akull (-18°C) apo edhe me shume. Per kete shikoni instruksionet e makines suaj te akullores duke qene se ndryshon nga modeli ne model. E perziejme per rreth 30 minuta, apo derisa akullorja te filloje te rrise vellimin dhe paleta qe rrotullohet brenda saj te kete veshtiresi ne rrotullim; ky eshte momenti kur akullorja eshte gati. E konsumojme menjehere ose e ruajme ne akull dhe e konsumojme brenda 1 muaji.','https://unegatuaj960568913.files.wordpress.com/2018/07/akullore-me-lajthi.jpg','http://unegatuaj.com/?p=10275','15 minuta','6 persona','e thjeshtë',13,291,20180718,'',NULL),
	(10281,27,'Kinoa me lule kungulli','Kinoa me lule kungulli eshte nje recete 100% e shendetshme, vegane dhe pa permbajtje gluteni. Lulet e kungullit jane nje perberes i shkelqyer te cilat perveç vlerave te tyre ushqimore, e bejne çdo pjate me te sofistikuar duke i dhene nje shije te veçante.','Lajme shume mire kinoan nen uje te ftohte te rrjedhshem derisa uji te rezultoje plotesisht transparent. Kjo proçedure eshte e domosdoshme per te eleminuar shijen e hidhur qe kane farat e kinoas ne siperfaqe. E vendosim te zieje ne zjarr mesatar me kapak mbyllur duke i shtuar nje maje luge kripe dhe 1 luge gjelle vaj ulliri derisa kinoa ta kete thithur plotesisht ujin. E heqim nga zjarri dhe e leme me kapak mbyllur per te pakten 15 minuta. Pas kesaj, e transferojme ne nje tas dhe e leme te ftohet.\n\nKaverdisim ne vaj ulliri karrotat duke shtuar nje filxhan kafe uje. Shtojme kungullin dhe vazhdojme kaverdisjen edhe per pak minuta. Perimet duhet te rezultojne krokante, jo plotesisht te buta. Shtojme ne fund edhe lulet e kungullit te prera ne menyre gjatesore, i kriposim, piperosim dhe i leme edhe per maksimumi 1 minute tjeter me kapak mbyllur. I shtojme perimet tek tasi me kinoa, e rregullojme me pak vaj ulliri, lekuren e limonit te grire, trumezen e fresket dhe i perziejme mire. E sherbejme ne temperature ambjenti ose te ftohte.','https://unegatuaj960568913.files.wordpress.com/2018/07/kinoa-me-lule-kungulli1.jpg','http://unegatuaj.com/?p=10281','30 minuta','6 persona','e thjeshtë',2,193,20180720,'',NULL),
	(10287,11,'Makarona me domate te fresket dhe borzilok','Kjo eshte nje nga pjatat simbol te kuzhines italiane! Mund te gozhdoheni gjithe diten ne kuzhine per te pergatitur recetat me te rafinuara, sofistikuara, me perberesit me te shtrenjte, por asgje… ASGJE nuk krahasohet me shijen e makaronave me domate te fresket te bahçes me borzilokun e sapokeputur. Aciditeti i domateve bashkohet mrekullisht me freskine e borzilokut!','Pergatisim fillimisht salcen me domate te fresketa: ne nje tigan kaverdisim ne vaj ulliri ekstra te virgjer hudhren e grire holle, shtojme purène e domateve, e rregullojme me pak kripe, nje maje luge sheqer, i vendosim kapakun dhe e leme ne zjarr shume te ulet te gatuhet derisa salca te trashet, per rreth 30 minuta.\nShtojme gjethet e borzilokut te copetuara me dore dhe e leme salcen menjane.\n\nZiejme makaronat ne uje me kripe per egzaktesisht kohen e treguar ne konfeksion, i kullojme dhe i hedhim ne tiganin ku kemi pergatitur salcen. I perziejme mire dhe i sherbejme neper pjata duke i dhene shije me pak djathe kaçkavalle te grire dhe zbukuruar me ndonje gjethe borzilok te fresket.','https://unegatuaj960568913.files.wordpress.com/2018/07/makarona-me-domate-te-fresket-dhe-borzilok.jpg','http://unegatuaj.com/?p=10287','40 minuta','4 persona','shumë e thjeshtë',13,303,20180721,'',NULL),
	(10292,10,'Djathe tomino i mbeshtjelle me proshute spek','Tomino, eshte nje lloj djathi tipik Piemontez i pergatitur me qumeshtin e lopes. Karakteristike e tij eshte butesia qe ka ne brendesi dhe korja pak me e forte ne siperfaqe. Maksimumin e shijes e merr kur mbeshtillet me feta proshute nga te gjitha anet dhe me pas piqet ne tigan pa yndyre: ne kete menyre zemra e tij shkrin duke na dhene nje shije mjaft delikate.','Mbeshtjellim secilin djathe tomino me nga kater feta proshute spek te cilat i vendosim dy ne drejtimin vertikal dhe dy ne ate horizontal.\n\nNxehim shume mire nje tigan qe nuk ngjit dhe pjekim djathin e mbeshtjelle me proshute nga te dyja anet ne zjarr te ulet: ne kete menyre siperfaqa do te rezultoje krokante dhe zemra e bute.\n\nE sherbejme te zbukuruar me ndonje gjethet sherebele te fresket.','https://unegatuaj960568913.files.wordpress.com/2018/07/djathe-tomino-i-mbeshtjelle-me-proshute-spek.jpg','http://unegatuaj.com/?p=10292','10 minuta','4 persona','shumë e thjeshtë',10,241,20180721,'',NULL),
	(10329,11,'Tave me patate dhe sallam','Tava me patate dhe sallam eshte nje pjate me perberes shume te thjeshte, por qe i japin kesaj recete nje shije te jashtezakonshme. Pjekia ne furre i ben patatet me krokante dhe brendesine e tyre e le te bute. Per realizimin e saj kam perdorur sallamin Luziana nga Tona.','Ziejme ne uje te vluar me pak kripe fetat e patateve per 3-4 minuta derisa te zbuten, por jo plotesisht.\n\nNderkohe ne nje tas rrahim vezet, shtojme panen e kuzhines, djathin kaçkavall, pak kripe (kujdes me sasine e kripes pasi djathi eshte vet i kripur) dhe pak piper te zi.\n\nLyejme me vaj ulliri taven (une kam perdorur nje tave katrore me permasa 25cmx25cm), e sperkasim me galete dhe shtrojme nje shtrese patate pa i mbivendosur siper njera tjetres. Shtojme 1/3 e perberjes me veze, pana dhe djathe, disa kubik sallam dhe vazhdojme ne kete menyre duke formuar tre shtresa. Shtresa e fundit duhet te jete me patate dhe copeza sallami. E sperkasim me rozmarine te fresket dhe e pjekim ne furre te parangrohur ne 180°C per rreth 30 minuta. E leme te pushoje per 15 minuta ne temperature ambjenti perpara se ta presim ne feta dhe ta sherbejme.','https://unegatuaj960568913.files.wordpress.com/2018/08/tave-me-patate-dhe-sallam3.jpg','http://unegatuaj.com/?p=10329','40 minuta','4 persona','e thjeshtë',43,628,20180806,'',NULL),
	(10336,17,'Kek me dardha dhe vaj ulliri','Kush do ta mendonte qe ky kek do te pelqehej kaq shume nga e gjithe familja dhe do te bente pjese ne recetat tona te preferuara? Realizohet kaq thjeshte dhe shpejt, sa nuk ka nevoje te gozhdoheni me ore te tera ne kuzhine. Per me teper eshte edhe i shendetshme sepse permban vaj ulliri ne vend te gjalpit dhe copa frutash. Provoni ta shoqeroni ne mengjes me nje filxhan kafe ose çaj apo pasdite per disa momente te embla.\nNe kete recete kam perdorur dardha te tipit Abate qe arrijne maksimumin e shijes se tyre nga Gushti deri ne Nentor, por ndihuni te lire te perdorni llojin qe ju pelqen me shume dhe qe gjeni me lehtesisht ne treg.\nNdersa tava ne te cilen e kam gatuar kekun eshte nga linja Delimano Stone Legend CopperLUX e cila eshte perfekte edhe per embelsira perveçse per receta te kripura.','Lagim copezat e dardhave me lengun e limonit ne menyre qe te mos nxihen dhe i leme menjane.\n\nPerziejme ne nje tas miellin e situr me pluhurin pjekes dhe e leme menjane.\n\nMe ndihmen e nje mikseri elektrik, rrahim te bardhat e vezeve me nje maje luge kripe derisa te formohet nje shkume e bardhe qe nuk bie nga ena.\n\nNe nje tjeter ene, rrahim te verdhat e vezeve me sheqerin e bardhe derisa te perftojme nje krem me ngjyre te verdhe te hapur. Shtojme kosin, vajin e ullirit dhe vazhdojme perzierjen edhe per disa sekonda. Shtojme miellin me pluhurin pjekes, lekuren e limonit dhe me shpejtesi minimale vazhdojme perzierjen. Shtojme se fundi edhe te bardhat e vezeve te rrahura duke i bashkuar me delikatese nga poshte lart me ndihmen e nje spatule ne menyre qe brumi te mos ule vellimin.\n\nNe fund, shtojme edhe copezat e dardhave, e perziejme mire te gjithe masen dhe e hedhim ne nje forme katrore te lyer me pak vaj ulliri dhe buke te grire. E sperkasim me sheqerin kaf dhe e pjekim ne furre te parangrohur ne 180°C per rreth 40 minuta.\n\nE leme te ftohet plotesisht perpara se ta heqim nga forma. E zbukurojme me feta te holla dardhash, me gjethe mente te fresketa dhe me pak sheqer te bardhe.\n\nRuajtja: per 3-4 dite ne nje ene te mbyllur hermetikisht.','https://unegatuaj960568913.files.wordpress.com/2018/08/kek-me-vaj.jpg','http://unegatuaj.com/?p=10336','40 minuta','8 persona','e thjeshtë',15,401,20180810,'https://www.youtube.com/watch?v=RV7GOaOjU4g',NULL),
	(10369,17,'Kek me avokado, kungull te njome dhe cokollate te zeze','Ju ka shkuar ndonjehere ndermend te perdorni kungullin e njome dhe avokadon ne nje embelsire? Nese jo, duhet patjeter te provoni kete kek me çokollate! Me besoni qe butesia dhe aroma e tij ndersa piqet, do ti bej te gjithe te harrojne qe ne brendesi ndodhen edhe fruta edhe perime… Per me teper ne kete recete nuk eshte perdorur as vaj dhe as gjalpe, vetem yndyra qe permban natyralisht avokado, qe eshte super e shendetshme!','Bashkojme ne nje ene duke i situr nje nga nje te gjithe perberesit e thate: miellin, kakaon, pluhurin pjekes, kanellen dhe kripen.\n\nNe nje tjeter ene rrahim me pirun vezet, shtojme avokadon, sheqerin, kungujt e grire dhe çokollaten e zeze. Shtojme edhe perzierjen me miell e kakao duke i trazuar mire derisa te formohet nje brume i njetrajtshem.\n\nLyejme me pak vaj dhe miell nje forme drejtekendore me gjatesi 28cm, hedhim ne te brumin e kekut dhe e nivelojme me kujdes.\n\nE pjekim ne furre te parangrohur ne 180°C per 45-50 minuta, duke bere gjithmone proven e pirunit. E leme te ftohet plotesisht perpara se ta presim ne feta. Ky kek eshte ideal nese konsumohet ne vere me pak akullore me vanilje ose ne dimer me pak krem pana te rrahur.','https://unegatuaj960568913.files.wordpress.com/2018/09/kek-me-avokado.jpg','http://unegatuaj.com/?p=10369','45-50 min','6-8 persona','e thjeshtë',6,161,20180913,'',NULL),
	(10375,15,'Fileto vici me pana dhe kerpudha','Filetot e viçit te gatuara ne kete menyre jane aq te shijshme dhe te buta sa te shkrijne ne goje! Salca e kerpudhave i jep nje shije te pakrahasueshme, ndersa pana i jep te gjithe kremozitetin per te cilen kjo recete ka nevoje. Une kam perdorur kerpudha te tipit champignon (shempinjon), por mund te perdorni çdo lloj tjeter kerpudhash si porcini, pleurotus etj.\nShoqeruesja ideale e kesaj pjate do te ishte purèja me patate ose pilafi, ne menyre qe salcen e mishit tja hidhnim siper.','Per pergatitjen e kesaj recete, filetot e viçit duhet te jene shume te holla. Prandaj nese eshte e nevojshme i vendosim midis dy letrave per furre dhe i rrahim me kujdes me çekiçin e mishit. I kalojme ne miell dhe i leme menjane.\n\nNe nje tigan qe nuk ngjit, shkrijme gjalpin, shtojme vajin e ullirit dhe kaverdisim filetot e viçit nga te dyja anet derisa te marrin ngjyre te arte. I rregullojme me kripe, shtojme kerpudhat ne feta dhe e ulim zjarrin ne minimum derisa kerpudhat te zbuten pak (me kapak mbyllur). Shtojme panen e kuzhines dhe vazhdojme gatimin ne zjarre te ulet derisa salca te trashet. Shtojme gjethet e mentes, piper te zi te sapobluar dhe i sherbejme filetot e viçit me pana dhe kerpudha te ngrohta.','https://unegatuaj960568913.files.wordpress.com/2018/09/fileto-vic3a7i-me-pana-dhe-kerpudha.jpg','http://unegatuaj.com/?p=10375','15 min','4 persona','e thjeshtë',18,315,20180918,'',NULL),
	(10379,10,'Byrek te vegjel me kerpudha dhe proshute te tymosur','Darkat tuaja mes miqve nuk kane qene asnjehere kaq te shijshme! Provoni te pergatisni keto byrek te vegjel me pete sfoljate te cilat piqen ne vetem 15 minuta! Mund te konsumohen si te ngrohte ashtu edhe ne temperature ambjenti dhe do ti pelqejne absolutisht te gjitheve!','Ne nje tigan me pak vaj ulliri, kaverdisim per disa minuta ne zjarr mesatar proshuten e tymosur. Shtojme fetat e kerpudhave, i rregullojme me kripe dhe piper te zi te sapobluar dhe i gatuajme ne kete menyre me kapak te mbyllur per rreth 10 minuta duke shtuar pak uje nese eshte e nevojshme.\n\nHapim peten sfoljate ne tavolinen e punes dhe me ndihmen e nje forme rrethore ose nje gote, formojme 12 rrathe ose disqe brumi.\n\nNe secilin disk brumi vendosim nga nje luge te vogel mbushje me proshute dhe kerpudha, nje cope djathe qe shkrin dhe i mbyllim me kujdes duke i vendosur nje tjeter siper. I mbyllim mire anet e byreçkve dhe i lyejme ne siperfaqe me pak te verdhe veze te holluar me uje. I sperkasim me fara susami dhe i pjekim ne furre te parangrohur ne 200°C per 15 minuta. ','https://unegatuaj960568913.files.wordpress.com/2018/09/byrec3a7ka-me.jpg','http://unegatuaj.com/?p=10379','25 min','6 persona','e thjeshtë',16,577,20180920,'',NULL),
	(10384,15,'Qofte me qull e arra','Nga te gjitha menyrat e servirjes se qofteve, kjo eshte absolutisht e preferuara ime! Qulli me arra dhe hudhra te grira, del gati gati si krem dhe bashkohet ne menyre perfekte me butesine e qofteve. Duke provur vit pas viti çdo recete qoftesh qe me dilte perpara (ne familjen tone mund te haen qofte 7 dite te javes!) kam arritur te krijoj receten time te personalizuar qe eshte kjo me poshte. Perberesi sekret eshte speci jeshil: provoni ti shtoni brumit te qofteve nje spec jeshil te grire ne mikser dhe do ta shikoni sesi do te ndryshoje totalisht shija!','Pergatisim fillimisht qoftet: bashkojme ne nje tas mishin e grire me qepen, specin jeshil, vezen, buken e regjur, majdanozin, kripen dhe piperin e zi. E perziejme me duar brumin per pak minuta, e mbulojme me nje pecete te paster ose me leter celofoni dhe e vendosim ne frigorifer per minimumi gjysme ore. Kjo lejon qe aromat te bashkohen me njera tjetren dhe qoftet te dalin shume te shijshme. Nese brumi ka dale paksa i bute, shtojme 2 luge galete.\n\nNe nje pjate hedhim 2-3 luge miell. Lagim duart me uje dhe formojme qoftet ne madhesine dhe formen e deshiruar. I kalojme ne miell dhe i skuqim ne tigan te mbushur pergjysme me vaj luledielli. Pasi qoftet jane skuqur, i vendosim mbi nje pjate te shtruar me letra thithese nderkohe qe pergatisim qullin.\n\nNe te njejtin tigan ku skuqem qoftet, hedhim nje luge vaj ulliri dhe nje luge gjalpe. Shtojme miellin dhe i perziejme mire derisa mielli te marre ngjyre te arte. E heqim tiganin nga zjarri dhe shtojme lengun e mishit te ftohte ose ujin. E perziejme vazhdimisht me tel kuzhine ne menyre qe te mos formohen kokerriza. E rregullojme me kripe, shtojme hudhrat e grira dhe e rivendosim tiganin ne zjarre mesatar duke e gatuar per afer 5 minuta. Shtojme arrat e therrmuara dhe vazhdojme gatimin derisa qulli te kete arritur trashesine e deshiruar.\n\nI servirim ne pjate qoftet me qullin duke e sperkatur me piper te zi te sapoblur dhe zbukuruar me ndonje gjethe majdanozi dhe copeza arrash.','https://unegatuaj960568913.files.wordpress.com/2018/09/qofte-me-qull-e-arra1.jpg','http://unegatuaj.com/?p=10384','45 min','4 persona','e thjeshtë',15,334,20180926,'',NULL),
	(10391,17,'Kek me kafe dhe arra','Nje kombinim fantastik i shijes se kafes me arrat, ben qe kjo embelsire te shijohet deri ne feten e fundit. Kontrasti midis kremozitetit te mbushjes me krem kafe dhe krokantes se arrave, e ben perfekt per mengjeset e vona te fundjaves, atehere kur shpesh duam te perkedhelemi me diçka te embel. Receta eshte shume e thjeshte per tu pergatitur, dhe ne me pak se 1 ore do te keni ne tavolinen tuaj nje nga embelsirat me te mira qe keni provuar ndonjehere!','Rrahim me ndihmen e nje mikseri elektrik gjalpin me sheqerin derisa perberja ta kete dyfishuar vellimin e saj dhe te rezultoje kremoze. Rrahim lehtesisht vezet ne nje ene te vogel dhe i shtojme dalengadale duke vazhduar rrahjen.\n\nNe nje tas bashkojme miellin me pluhurin pjekes dhe ja shtojme pak nga pak gjalpit me sheqerin duke e rrahur me shpejtesi te ulet ose duke e bashkuar manualisht me ndihmen e nje spatule kuzhine.\n\nShkrijme kafen ne 1 luge uje te ngrohte dhe ja shtojme perberjes. Shtojme se fundi edhe copezat e arrave duke mbajtur disa menjane per zbukurim.\n\nLyejme me pak gjalp dhe miell (ose veshim me leter furre) dy tava te rrumbullakta me diameter 20cm. E ndajme brumin e kekut ne menyre te barabarte ne secilen prej tyre dhe i pjekim ne furre te parangrohur ne 180°C per 20-25 minuta. \n\nI leme te ftohen plotesisht ne temperature ambjenti nderkohe qe pergatisim mbushjen: rrahim me ndihmen e mikserit elektrik panen e ftohte per embelsira derisa te formohet nje krem qe nuk bie nga ena. Nese kremi eshte i pasheqerosur, shtojme sheqer pluhur sipas deshires. Shtojme kafen dhe vazhdojme rrahjen.\n\nPerhapim gjysmen e kremit me kafe mbi njeren nga gjysmat e kekut dhe vendosim me kujdes gjysmen tjeter siper duke e lyer me kremin e mbetur. E zbukurojme me copeza arrash dhe pak kafe pluhur.','https://unegatuaj960568913.files.wordpress.com/2018/10/kek-me-kafe-dhe-arra1.jpg','http://unegatuaj.com/?p=10391','60 min','6-8 persona','e thjeshtë',11,179,20181001,'',NULL),
	(10399,22,'Torte e kripur me spinaq','Nje torte e kripur per tu konsumuar e ngrohte, e sapodale nga furra apo edhe e ftohte diten tjeter. Shume e shijshme dhe e ushqyeshme, ideale per vaktin e drekes apo per tu shijuar ne nje piknik me miqte!','Bashkojme ne nje ene miellin e situr me kripen, shtojme gjalpin ne temperature ambjenti (te zbutur) dhe e punojme brumin shume mire me dore derisa te rezultoje i bute. E mbeshtjellim me leter transparente dhe e vendosim ne frigorifer per 30 minuta.\n\nNderkohe pergatisim mbushjen: ne nje tigan qe nuk ngjit, kaverdisim ne vaj ulliri qepen, hudhren dhe spinaqin. I vendosim kapakun dhe i leme te gatuhen ne zjarre te ulet, ne menyre qe te zbuten me avullin e tyre. E rregullojme  me kripe, piper te zi te sapobluar dhe arre moskate. Masa duhet te rezultoje pa leng, pra e thate, prandaj vazhdojme gatimin me kapak hapur derisa i gjithe uji i tepert te avulloje.\n\nNe nje tjeter ene rrahim vezet me rikoten, shtojme spinaqin dhe ne kete moment kemi gati mbushjen e tortes.\n\nNxjerrim brumin nga frigoriferi, e heqim nga qesja transparente dhe e shtypim paksa me duar. I vendosim siper leter furre e cila do te na ndihmoje ta hapim me lehtesisht. E hapim brumin nga te gjitha anet duke formuar nje pete me trashesi rreth 1cm. E shtrojme ne taven ku do te gatuajme torten e kripur te cilen e kemi lyer paraprakisht me pak vaj ulliri. Hedhim siper mbushjen me spinaq dhe rikota dhe nivelojme me kujdes. E zbukurojme me domatet qershize te ndara pergjysme, ullinjte pa berthame, kubiket e djathit kaçkavall dhe djathin guda te grire. E pjekim ne furre te parangrohur ne 200°C per rreth 45 minuta. E leme te ftohet per minimumi gjysme ore perpara se ta sherbejme te prere ne feta.','https://unegatuaj960568913.files.wordpress.com/2018/10/torte-e-kripur-me-spinaq.jpg','http://unegatuaj.com/?p=10399','60 min','6-8 persona','e thjeshtë',8,171,20181002,'https://www.youtube.com/watch?v=hJnivNBOCcU',NULL),
	(10404,15,'Mish keci ne furre me patate','Keci ne furre me patate, eshte nje nga ato recetat qe nuk gatuhet vetem per festen e Pashkeve, por sa here kemi deshire te shijojme diçka ndryshe ne fundjave ne nje dreke mes miqve. E veçanta e kesaj recete eshte marinimi ne vere te bardhe, ereza dhe perime te cilat e bejne mishin perveçse shume te bute, edhe teper te shijshem duke çliruar te gjithe aromen e tij teksa piqet. Shoqerimi me patatet eshte klasik, dhe i shkon mrekullisht kesaj recete. Ne vend te mishit te kecit mund te perdorim edhe ate te qengjit duke e marinuar identik ne te njejten menyre.','Per te pergatitur kecin ne furre me patate, fillimisht marinojme copat e mishit te kecit te cilat nuk duhet te jene shume te vogla. Ne nje ene vendosim mishin, shtojme qepen, karroten, selinone, gjethet e dafines, 3 dege rozmarine, piperin e zi kokerr dhe ne fund veren e bardhe. E mbulojme me leter transparente dhe e leme te marinohet per 12 ore brenda ne frigorifer. Idealja do te ishte ta marinonim mishin ne darke dhe ta gatuanim te nesermen ne dreke.\n\nPas 12 oresh, nxjerrim mishin nga marinatura dhe e thajme mire me letra kuzhine. Ne taven ku do te pergatisim receten, shtrojme leter furre mbi te cilat rendisim njera pas tjetres fetat e patateve. I kriposim, vendosim siper tyre copat e mishit te cilat gjithashtu i kriposim dhe piperosim me piperin e zi te sapobluar. Shtojme 3 dege rozmarine, gjysmat e kokave te hudhrave, piper te kuq kokerr dhe e sperkasim bollshem me vaj ulliri.\n\nE mbulojme taven me leter alumini dhe e pjekim ne furre te parangrohur ne 200°C per 1 ore. Heqim letren e aluminit dhe e pjekim edhe per 1 ore tjeter duke i kthyer copat e mishit pas 30 minutash. Nese shohim qe tava po thahet shume, pra mishi nuk eshte aq i yndyrshem sa te leshoje lengun e tij, shtojme dhe 1 filxhan uje.\n\nE sherbejme te ngrohte zbukuruar me piper te kuq kokerr.','https://unegatuaj960568913.files.wordpress.com/2018/10/mish-keci-ne-furre-me-patate.jpg','http://unegatuaj.com/?p=10404','120 min','4-6 persona','e thjeshtë',4,274,20181009,'https://www.youtube.com/watch?v=vokUc5pwDtY',NULL),
	(10413,15,'Tave me bamje','Bamjet jane nje nga ato perimet qe ose i pelqen ose nuk i pelqen, nuk ka vije te mesme me to! Por kjo nuk ja heq as shijen dhe as vlerat ushqyese: hekur, kalcium, magnez, fosfor dhe zink, duke u bere keshtu nje superushqim per te gjithe familjen. Gatuhen ne pothuajse te gjithe boten, qe nga ishujt Karaibe deri ne Kine dhe format e gatimit jane nga me te ndryshmet: supe, gjelle, tave, te skuqura, madje edhe turshi.\nSot po ju sjell receten me te dashur per mua gjate veres: taven me bamje. Mund te konsiderohet fare mire nje pjate tradicionale shqiptare me nje shije fantastike!','Pastrojme bamjet duke i prere bishtin ne forme konike, ne kete menyre gjate gatimit ato nuk do te shperbehen. I vendosim ne nje ene dhe i mbulojme me uje te ftohte, i sperkasim me dy luge uthull, pak kripe dhe i leme keshtu per gjysme ore. Uthulla dhe kripa do ti zbuse pushin qe kane ne siperfaqe.\n\nKaverdisim ne vaj ulliri qepen derisa te rezultoje transparente. Shtojme domatet, karrotat, majdanozin dhe vazhdojme kaverdisjen ne zjarr te ngadalte derisa perimet te zbuten me lengun e tyre. Shtojme thelat e mishit te cilave i japim nje faqe shume te lehte nga te dyja anet, shtojme nje gote uje dhe i ziejme te gjitha bashke per rreth 30 minuta ne tenxhere me presion.\n\nNderkohe bamjet i shplajme dhe i thajme me letra kuzhine, i sperkasim me pak vaj ulliri dhe i pjekim ne furre te parangrohur ne 180°C per 10-15 minuta. Hedhim siper tyre harxhen me mishin tashme te ziere dhe ne fund vendosim edhe disa feta domatesh per shije. E mbulojme taven me leter alumini  dhe e pjekim ne 180°C per rreth 30 minuta. Heqim letren e aluminit dhe i leme derisa te marrin ngjyre ne siperfaqe. I sherbejme te ngrohta.','https://unegatuaj960568913.files.wordpress.com/2018/10/tave-me-bamje.jpg','http://unegatuaj.com/?p=10413','1 orë e 15 min','4 persona','e thjeshtë',9,223,20181010,'',NULL);

INSERT INTO roles (id, role)
VALUES
	(1,'ADMIN'),
	(2,'USER'),
	(3,'ROLE_USER');

INSERT INTO tags (recipe_id, value, start_pos, end_pos, intro_instruction, id)
VALUES
	(10194,'djathin',170,177,'instruction',4513),
	(10194,'hudhren',115,122,'instruction',4514),
	(10194,'ulliri',81,87,'instruction',4515),
	(10194,'piper',246,251,'instruction',4516),
	(10194,'majdanozin',209,219,'instruction',4517),
	(10194,'patellxhanetI',270,283,'instruction',4518),
	(10013,'patatet',100,107,'instruction',4519),
	(10013,'femije',153,159,'intro',4520),
	(10013,'ulliri',35,41,'instruction',4521),
	(10013,'patatet',100,107,'instruction',4522),
	(10013,'pluhur',570,576,'instruction',4523),
	(10198,'pules',162,167,'intro',4524),
	(10198,'krokante',342,350,'intro',4525),
	(10198,'ulliri',152,158,'instruction',4526),
	(10198,'piper',198,203,'instruction',4527),
	(10198,'erezat',218,224,'instruction',4528),
	(10198,'piper',198,203,'instruction',4529),
	(10198,'ulliri',624,630,'instruction',4530),
	(10198,'kafe',650,654,'instruction',4531),
	(10051,'erezat',256,262,'instruction',4549),
	(10051,'orizin',164,170,'instruction',4550),
	(10051,'pluhur',263,269,'instruction',4551),
	(10051,'orizin',75,81,'intro',4552),
	(10051,'karrotat',69,77,'instruction',4553),
	(10051,'majdanoz',627,635,'instruction',4554),
	(10051,'bizelet',79,86,'instruction',4555),
	(10051,'kerpudhat',99,108,'instruction',4556),
	(10217,'kafe',203,207,'intro',4557),
	(10217,'ulliri',843,849,'instruction',4558),
	(10217,'limonit',881,888,'instruction',4559),
	(10179,'domate',41,47,'intro',4560),
	(10179,'ulliri',177,183,'instruction',4561),
	(10179,'pluhur',293,299,'instruction',4562),
	(10179,'pules',363,368,'instruction',4563),
	(10179,'ulliri',177,183,'instruction',4564),
	(10179,'borzilokun',446,456,'instruction',4565),
	(10179,'domatet',428,435,'instruction',4566),
	(10179,'patellxhanet',523,535,'instruction',4567),
	(10179,'piper',465,470,'instruction',4568),
	(10179,'mocarela',727,735,'instruction',4569),
	(10179,'borziloku',446,455,'instruction',4570),
	(10225,'peshkun',107,114,'intro',4571),
	(10225,'kerpudhat',119,128,'intro',4572),
	(10225,'kerpudha',259,267,'intro',4573),
	(10225,'ulliri',537,543,'instruction',4574),
	(10225,'kerpudhat',587,596,'instruction',4575),
	(10225,'domate',285,291,'intro',4576),
	(10225,'piper',625,630,'instruction',4577),
	(10225,'hungareze',658,667,'instruction',4578),
	(10225,'kerpudhat',587,596,'instruction',4579),
	(10225,'spinaqin',788,796,'instruction',4580),
	(10225,'domatet',807,814,'instruction',4581),
	(10275,'akullores',51,60,'intro',4582),
	(10275,'lajthi',274,280,'intro',4583),
	(10275,'klasike',326,333,'intro',4584),
	(10275,'akullores',116,125,'intro',4585),
	(10275,'kafe',386,390,'intro',4586),
	(10275,'qumeshtit',518,527,'instruction',4587),
	(10275,'lajthive',733,741,'instruction',4588),
	(10275,'qumeshtin',115,124,'instruction',4589),
	(10275,'kremin',848,854,'instruction',4590),
	(10275,'akullores',868,877,'instruction',4591),
	(10275,'akullores',868,877,'instruction',4592),
	(10251,'patellxhanet',148,160,'instruction',4593),
	(10251,'ulliri',332,338,'instruction',4594),
	(10251,'ulliri',332,338,'instruction',4595),
	(10251,'patellxhanet',148,160,'instruction',4596),
	(10251,'domatet',756,763,'instruction',4597),
	(10251,'ulliri',332,338,'instruction',4598),
	(10251,'majdanoz',843,851,'instruction',4599),
	(10251,'piper',817,822,'instruction',4600),
	(10251,'rigon',1099,1104,'instruction',4601),
	(10251,'domate',756,762,'instruction',4602),
	(10251,'ulliri',1142,1148,'instruction',4603),
	(10260,'rikota',346,352,'intro',4604),
	(10260,'sherebele',421,430,'intro',4605),
	(10260,'parmixhano',468,478,'intro',4606),
	(10260,'brumin',70,76,'instruction',4607),
	(10260,'brumin',70,76,'instruction',4608),
	(10260,'brumi',70,75,'instruction',4609),
	(10260,'brumi',70,75,'instruction',4610),
	(10260,'brumin',70,76,'instruction',4611),
	(10260,'spinaqin',767,775,'instruction',4612),
	(10260,'djathin',930,937,'instruction',4613),
	(10260,'ulliri',760,766,'instruction',4614),
	(10260,'brumi',70,75,'instruction',4615),
	(10260,'brumi',70,75,'instruction',4616),
	(10260,'piper',977,982,'instruction',4617),
	(10260,'makaronatE',1332,1342,'instruction',4618),
	(10260,'brumit',1364,1370,'instruction',4619),
	(10260,'raviolin',1736,1744,'instruction',4620),
	(10260,'brumin',70,76,'instruction',4621),
	(10260,'ravioli',1994,2001,'instruction',4622),
	(10260,'makarona',1332,1340,'instruction',4623),
	(10260,'brumitNderkohe',2060,2074,'instruction',4624),
	(10281,'kungullit',102,111,'intro',4625),
	(10281,'ulliri',318,324,'instruction',4626),
	(10281,'ulliri',318,324,'instruction',4627),
	(10281,'karrotat',528,536,'instruction',4628),
	(10281,'kungullin',579,588,'instruction',4629),
	(10281,'krokante',664,672,'instruction',4630),
	(10281,'kungullit',726,735,'instruction',4631),
	(10281,'piperosim',778,787,'instruction',4632),
	(10281,'limonit',932,939,'instruction',4633),
	(10281,'ulliri',914,920,'instruction',4634),
	(10281,'kafe',561,565,'instruction',4635),
	(10292,'qumeshtin',62,71,'intro',4636),
	(10292,'proshute',224,232,'intro',4637),
	(10292,'djathin',191,198,'instruction',4638),
	(10292,'proshute',53,61,'instruction',4639),
	(10292,'proshute',53,61,'instruction',4640),
	(10292,'krokante',301,309,'instruction',4641),
	(10292,'sherebele',372,381,'instruction',4642),
	(10287,'italiane',44,52,'intro',4643),
	(10287,'domate',243,249,'intro',4644),
	(10287,'makaronave',229,239,'intro',4645),
	(10287,'domateve',312,320,'intro',4646),
	(10287,'domate',32,38,'instruction',4647),
	(10287,'ulliri',83,89,'instruction',4648),
	(10287,'hudhren',108,115,'instruction',4649),
	(10287,'borzilokut',357,367,'intro',4650),
	(10287,'makaronat',403,412,'instruction',4651),
	(10287,'domateve',148,156,'instruction',4652),
	(10287,'borzilokut',336,346,'instruction',4653),
	(10287,'borzilok',336,344,'instruction',4654),
	(10287,'borzilokun',274,284,'intro',4655),
	(10329,'krokante',164,172,'intro',4656),
	(10329,'ulliri',290,296,'instruction',4657),
	(10329,'djathin',166,173,'instruction',4658),
	(10329,'piper',262,267,'instruction',4659),
	(10329,'galete',376,382,'instruction',4660),
	(10329,'patatet',153,160,'intro',4661),
	(10336,'ulliri',279,285,'intro',4662),
	(10336,'limonit',37,44,'instruction',4663),
	(10336,'pluhurin',133,141,'instruction',4664),
	(10336,'mengjes',347,354,'intro',4665),
	(10336,'kafe',370,374,'intro',4666),
	(10336,'embelsira',757,766,'intro',4667),
	(10336,'pluhurin',133,141,'instruction',4668),
	(10336,'ullirit',464,471,'instruction',4669),
	(10336,'limonit',37,44,'instruction',4670),
	(10336,'brumi',759,764,'instruction',4671),
	(10336,'ulliri',464,470,'instruction',4672),
	(10369,'pluhurin',93,101,'instruction',4673),
	(10369,'kungullin',45,54,'intro',4674),
	(10369,'kanellen',110,118,'instruction',4675),
	(10369,'avokado',387,394,'intro',4676),
	(10369,'avokadon',67,75,'intro',4677),
	(10369,'avokadon',181,189,'instruction',4678),
	(10369,'brumin',429,435,'instruction',4679),
	(10369,'vanilje',690,697,'instruction',4680),
	(10369,'embelsire',83,92,'intro',4681),
	(10369,'akullore',678,686,'instruction',4682),
	(10375,'kerpudhave',106,116,'intro',4683),
	(10375,'kerpudha',106,114,'intro',4684),
	(10375,'ullirit',292,299,'instruction',4685),
	(10375,'kerpudhash',325,335,'intro',4686),
	(10375,'kerpudhat',413,422,'instruction',4687),
	(10375,'kerpudhat',413,422,'instruction',4688),
	(10375,'kerpudha',413,421,'instruction',4689),
	(10375,'piper',628,633,'instruction',4690),
	(10379,'proshute',76,84,'instruction',4691),
	(10379,'proshuten',76,85,'instruction',4692),
	(10379,'kerpudha',498,506,'instruction',4693),
	(10379,'susami',710,716,'instruction',4694),
	(10379,'sfoljate',115,123,'intro',4695),
	(10379,'kerpudhave',113,123,'instruction',4696),
	(10379,'piper',152,157,'instruction',4697),
	(10379,'brumiNe',413,420,'instruction',4698),
	(10379,'sfoljate',304,312,'instruction',4699),
	(10379,'brumi',413,418,'instruction',4700),
	(10384,'brumit',449,455,'intro',4701),
	(10384,'galeteNe',442,450,'instruction',4702),
	(10384,'majdanozin',114,124,'instruction',4703),
	(10384,'ulliri',813,819,'instruction',4704),
	(10384,'majdanozi',114,123,'instruction',4705),
	(10384,'brumin',171,177,'instruction',4706),
	(10384,'piperin',137,144,'instruction',4707),
	(10384,'brumi',171,176,'instruction',4708),
	(10384,'piper',137,142,'instruction',4709),
	(10384,'specin',76,82,'instruction',4710),
	(10384,'qoftet',785,791,'instruction',4711),
	(10391,'kafes',35,40,'intro',4712),
	(10391,'embelsire',62,71,'intro',4713),
	(10391,'embelsirat',404,414,'intro',4714),
	(10391,'kafen',435,440,'instruction',4715),
	(10391,'brumin',681,687,'instruction',4716),
	(10391,'embelsira',948,957,'instruction',4717),
	(10391,'kremit',1134,1140,'instruction',4718),
	(10391,'pluhur',262,268,'instruction',4719),
	(10391,'kafe',435,439,'instruction',4720),
	(10391,'kafe',35,39,'intro',4721),
	(10391,'mengjeset',205,214,'intro',4722),
	(10391,'pluhur',1299,1305,'instruction',4723),
	(10391,'kremin',1239,1245,'instruction',4724),
	(10391,'krokantes',166,175,'intro',4725),
	(10391,'kafe',435,439,'instruction',4726),
	(10391,'pluhurin',262,270,'instruction',4727),
	(10391,'kafen',435,440,'instruction',4728),
	(10399,'brumin',114,120,'instruction',4729),
	(10399,'ulliri',325,331,'instruction',4730),
	(10399,'spinaqin',351,359,'instruction',4731),
	(10399,'hudhren',339,346,'instruction',4732),
	(10399,'piper',488,493,'instruction',4733),
	(10399,'spinaqin',351,359,'instruction',4734),
	(10399,'tortesNxjerrim',761,775,'instruction',4735),
	(10399,'brumin',114,120,'instruction',4736),
	(10399,'brumin',114,120,'instruction',4737),
	(10399,'torten',1058,1064,'instruction',4738),
	(10399,'domatet',1211,1218,'instruction',4739),
	(10399,'ulliri',1119,1125,'instruction',4740),
	(10399,'ullinjte',1248,1256,'instruction',4741),
	(10399,'rikota',1163,1169,'instruction',4742),
	(10399,'djathin',1302,1309,'instruction',4743),
	(10399,'djathit',1280,1287,'instruction',4744),
	(10404,'piperin',232,239,'instruction',4745),
	(10404,'ulliriE',886,893,'instruction',4746),
	(10404,'qengjit',507,514,'intro',4747),
	(10404,'karroten',175,183,'instruction',4748),
	(10404,'piper',232,237,'instruction',4749),
	(10404,'selinone',185,193,'instruction',4750),
	(10404,'dafines',205,212,'instruction',4751),
	(10404,'piperin',232,239,'instruction',4752),
	(10404,'piperosim',738,747,'instruction',4753),
	(10404,'piper',232,237,'instruction',4754),
	(10404,'festen',76,82,'intro',4755),
	(10404,'patatet',391,398,'intro',4756),
	(10413,'ulliri',318,324,'instruction',4757),
	(10413,'karrotat',382,390,'instruction',4758),
	(10413,'majdanozin',392,402,'instruction',4759),
	(10413,'ulliri',318,324,'instruction',4760),
	(10413,'domatet',373,380,'instruction',4761),
	(10413,'domatesh',913,921,'instruction',4762);


INSERT INTO users (id, username, fullname, password, role)
VALUES
	(4,'admin','Julian Vasa','$2a$10$XbvMXk10xTm5vWjBIpiNYON9pAvOH73q1m0c0/u/xMD.wMBybVle6',1),
	(5,'user','User','$2a$10$XbvMXk10xTm5vWjBIpiNYON9pAvOH73q1m0c0/u/xMD.wMBybVle6',2),
	(6,'julius','Julius','$2a$10$UaXvY96Sp70u9Ewbq6xaU.13i07Wmnkr58p8tjKxqALTlSKydWF.C',3);

